id,name,university_id,lat,lng,categories,status,owner_name,whatsapp,signed_date,weekly_orders,notes,last_visit
w001,Kios Pak Slamet,ui,-6.35879,106.82731,炒饭 Nasi Goreng,active,,,,50,,
w002,Kedai Cempaka,ui,-6.36298,106.83003,Nasi Padang,negotiating,,,,,,
w003,Toko Kelontong Bu Tini,ui,-6.359,106.82799,"炸物 Gorengan, Indomie 煮面",contacted,,,,,,
w004,Depot Bu Marwati,ui,-6.36114,106.82417,烤串 Sate,target,,,,,,
w005,Depot Pak Haji,ui,-6.36514,106.82708,"Indomie 煮面, 烤串 Sate",target,,,,,,
w006,Kios Bang Rizal,ui,-6.35896,106.82908,烤串 Sate,contacted,,,,,,
w007,Depot Cahaya,ui,-6.35975,106.8247,"Indomie 煮面, Warteg 家常菜",target,,,,,,
w008,Depot Barokah,ui,-6.363,106.83094,"炒饭 Nasi Goreng, 粥品",signed,,,,21,,
w009,Warteg Bu Rukiyah Cabang,ui,-6.36577,106.82304,"炸物 Gorengan, 椰浆饭 Nasi Uduk, 零食",target,,,,,,
w010,Toko Kelontong Teratai,ui,-6.36498,106.82591,炸物 Gorengan,target,,,,,,
w011,Warteg Bu Marwati,ui,-6.35911,106.82886,"Nasi Padang, 果汁 Jus",target,,,,,,
w012,Depot Mbak Nia,ui,-6.36478,106.8299,"Nasi Padang, 零食, 冰茶",target,,,,,,
w013,Kios Bu Lestari Cabang,ui,-6.3617,106.82496,"Nasi Padang, 冰茶",target,,,,,,
w014,Kedai Bu Endang,ui,-6.36325,106.82183,"烤串 Sate, 炒饭 Nasi Goreng, 零食",target,,,,,,
w015,Depot Bahagia Cabang,ui,-6.36673,106.82806,"炒饭 Nasi Goreng, Indomie 煮面, 炸物 Gorengan",negotiating,,,,,,
w016,Warung Kopi Bu Tini,ui,-6.36194,106.82603,"零食, 粥品, Nasi Padang",target,,,,,,
w017,Toko Kelontong Bahagia,ui,-6.36559,106.82912,"零食, 冰茶",contacted,,,,,,
w018,Kedai Kamboja,ui,-6.36051,106.82413,"零食, Nasi Padang",target,,,,,,
w019,Angkringan Bu Yuni,ui,-6.36001,106.82672,粥品,negotiating,,,,,,
w020,Warung Bu Ani,ui,-6.36524,106.82235,Nasi Padang,contacted,,,,,,
w021,Warung Bu Painem,ui,-6.36198,106.8283,"粥品, 咖啡",contacted,,,,,,
w022,Depot Pak Teguh,ui,-6.3598,106.82923,"冰茶, 咖啡",target,,,,,,
w023,Kedai Bang Jago,ui,-6.3634,106.82282,烤串 Sate,target,,,,,,
w024,Depot Bang Rizal,ui,-6.3661,106.82607,果汁 Jus,contacted,,,,,,
w025,Angkringan Bu Dewi,ui,-6.36274,106.82856,炒饭 Nasi Goreng,contacted,,,,,,
w026,Kios Bu Dewi,ui,-6.36293,106.82449,"零食, 烤串 Sate, 咖啡",target,,,,,,
w027,Warkop Bu Lestari,ui,-6.3627,106.82451,"粥品, 炸物 Gorengan",target,,,,,,
w028,Warung Kopi Bu Yati Cabang,ui,-6.36043,106.82301,"咖啡, Warteg 家常菜",signed,,,,49,,
w029,Warung Bu Rukiyah,gunadarma,-6.36176,106.84557,"炸物 Gorengan, 烤串 Sate, 果汁 Jus",target,,,,,,
w030,Angkringan Bu Wulan,gunadarma,-6.35322,106.83999,炒饭 Nasi Goreng,target,,,,,,
w031,Warteg Bu Dewi,gunadarma,-6.35325,106.84303,"Indomie 煮面, 冰茶, 烤串 Sate",target,,,,,,
w032,Warung Bu Wahyu,gunadarma,-6.35415,106.84365,"Nasi Padang, 粥品",target,,,,,,
w033,Kedai Mbak Sinta Cabang,gunadarma,-6.35717,106.84584,零食,target,,,,,,
w034,Warung Pak Eko,gunadarma,-6.36033,106.84373,"椰浆饭 Nasi Uduk, Warteg 家常菜",target,,,,,,
w035,Warkop Pak Agus,gunadarma,-6.35497,106.84384,"零食, 果汁 Jus, 椰浆饭 Nasi Uduk",target,,,,,,
w036,Warteg Mbak Rina,gunadarma,-6.36015,106.84289,"零食, 椰浆饭 Nasi Uduk, Indomie 煮面",target,,,,,,
w037,Warung Kopi Bu Lasmi II,gunadarma,-6.3602,106.84302,"果汁 Jus, 粥品",target,,,,,,
w038,Kios Makmur Cabang,gunadarma,-6.35489,106.83947,"炒饭 Nasi Goreng, Nasi Padang",target,,,,,,
w039,Kedai Bang Rizal,gunadarma,-6.35766,106.84605,"Indomie 煮面, 椰浆饭 Nasi Uduk, 零食",target,,,,,,
w040,Warung Kopi Bu Tini Cabang,gunadarma,-6.35398,106.84496,"Warteg 家常菜, Indomie 煮面",target,,,,,,
w041,Warung Pak Herman,gunadarma,-6.35996,106.84203,"粥品, 果汁 Jus",contacted,,,,,,
w042,Kios Bang Ilham,gunadarma,-6.36119,106.84055,"粥品, 咖啡",target,,,,,,
w043,Depot Pak Bambang,gunadarma,-6.35732,106.8409,"Warteg 家常菜, Nasi Padang",target,,,,,,
w044,Kedai Pak Teguh,gunadarma,-6.3558,106.83775,"粥品, 零食",target,,,,,,
w045,Warteg Kamboja,gunadarma,-6.35619,106.84439,"椰浆饭 Nasi Uduk, 零食",target,,,,,,
w046,Toko Kelontong Bu Ratna,gunadarma,-6.35706,106.84093,"零食, 炒饭 Nasi Goreng, 炸物 Gorengan",target,,,,,,
w047,Depot Bu Ratna,gunadarma,-6.35857,106.84193,"冰茶, 咖啡, 果汁 Jus",target,,,,,,
w048,Warkop Berkah,gunadarma,-6.35833,106.84042,"炒饭 Nasi Goreng, 冰茶, 零食",target,,,,,,
w049,Warteg Bang Fajar,gunadarma,-6.36223,106.847,零食,negotiating,,,,,,
w050,Angkringan Pak Haji,gunadarma,-6.36063,106.84192,"咖啡, 椰浆饭 Nasi Uduk",negotiating,,,,,,
w051,Kedai Melati,gunadarma,-6.35615,106.83947,"果汁 Jus, Nasi Padang",target,,,,,,
w052,Toko Kelontong Sederhana II,gunadarma,-6.35893,106.84493,Warteg 家常菜,target,,,,,,
w053,Kios Pak Agus,gunadarma,-6.3614,106.84263,"Warteg 家常菜, 果汁 Jus, 粥品",target,,,,,,
w054,Warteg Pak Darmawan Cabang,gunadarma,-6.3608,106.84653,"Indomie 煮面, 冰茶",target,,,,,,
w055,Depot Bu Ani II,pnj,-6.37097,106.82027,"粥品, 炒饭 Nasi Goreng, 咖啡",target,,,,,,
w056,Warung Kopi Bu Dewi,pnj,-6.36975,106.82385,炒饭 Nasi Goreng,target,,,,,,
w057,Warteg Bu Sari,pnj,-6.37437,106.82133,"炸物 Gorengan, 椰浆饭 Nasi Uduk, Indomie 煮面",target,,,,,,
w058,Depot Teratai,pnj,-6.37352,106.82344,"烤串 Sate, 炒饭 Nasi Goreng",target,,,,,,
w059,Warteg Pak Bambang II,pnj,-6.3712,106.82702,Warteg 家常菜,target,,,,,,
w060,Warteg Anggrek,pnj,-6.37323,106.82317,"咖啡, 炒饭 Nasi Goreng",target,,,,,,
w061,Kedai Bu Tini,pnj,-6.37473,106.8276,"烤串 Sate, Nasi Padang",target,,,,,,
w062,Warkop Pak Bambang,pnj,-6.3677,106.82354,"Indomie 煮面, 炸物 Gorengan",target,,,,,,
w063,Warkop Pak Slamet,pnj,-6.37314,106.82161,"炸物 Gorengan, 果汁 Jus",target,,,,,,
w064,Depot Harapan,pnj,-6.37446,106.82022,"冰茶, Warteg 家常菜",target,,,,,,
w065,Warkop Pak Teguh,pnj,-6.37391,106.82645,炸物 Gorengan,target,,,,,,
w066,Angkringan Pak Teguh,pnj,-6.37147,106.82276,果汁 Jus,target,,,,,,
w067,Depot Bu Yati,pnj,-6.37223,106.82421,"Indomie 煮面, 椰浆饭 Nasi Uduk",target,,,,,,
w068,Warung Bang Jago,pnj,-6.37289,106.81969,冰茶,target,,,,,,
w069,Kedai Pak Slamet,pnj,-6.37114,106.82401,"烤串 Sate, 椰浆饭 Nasi Uduk",target,,,,,,
w070,Kedai Pak Joko,pnj,-6.36957,106.82605,零食,negotiating,,,,,,
w071,Depot Bang Fajar,pnj,-6.36779,106.82062,"Nasi Padang, 零食",target,,,,,,
w072,Depot Bu Ani,pnj,-6.37164,106.82729,粥品,target,,,,,,
w073,Kios Bang Ilham II,pnj,-6.37228,106.82171,"炸物 Gorengan, 零食",negotiating,,,,,,
w074,Warung Kopi Bang Jago,pnj,-6.37505,106.82318,"椰浆饭 Nasi Uduk, 炸物 Gorengan, 粥品",target,,,,,,
w075,Kios Pak Bambang,pnj,-6.37018,106.8255,"Nasi Padang, 果汁 Jus",target,,,,,,
w076,Angkringan Bahagia,pnj,-6.36794,106.82361,"果汁 Jus, 冰茶, 粥品",contacted,,,,,,
w077,Warung Bang Udin,pnj,-6.37347,106.82665,"椰浆饭 Nasi Uduk, Indomie 煮面",target,,,,,,
w078,Angkringan Cahaya,pnj,-6.37487,106.82519,Nasi Padang,target,,,,,,
w079,Toko Kelontong Pak Darmawan,unj,-6.19595,106.88334,Indomie 煮面,target,,,,,,
w080,Kedai Mawar,unj,-6.19115,106.87742,"炒饭 Nasi Goreng, 粥品, 炸物 Gorengan",target,,,,,,
w081,Warteg Seroja,unj,-6.19367,106.88418,"果汁 Jus, 烤串 Sate, 粥品",contacted,,,,,,
w082,Warung Kopi Sentosa,unj,-6.19404,106.88137,"冰茶, Warteg 家常菜, 椰浆饭 Nasi Uduk",target,,,,,,
w083,Warung Kopi Flamboyan,unj,-6.19533,106.87794,"炸物 Gorengan, 炒饭 Nasi Goreng, 粥品",target,,,,,,
w084,Warkop Kamboja,unj,-6.1914,106.88475,"Warteg 家常菜, 炒饭 Nasi Goreng, Indomie 煮面",contacted,,,,,,
w085,Warkop Bang Rizal,unj,-6.19229,106.87777,"烤串 Sate, 炒饭 Nasi Goreng",target,,,,,,
w086,Warkop Pak Darmawan,unj,-6.19695,106.87939,"咖啡, 零食",target,,,,,,
w087,Kedai Bang Aldi II,unj,-6.19084,106.88334,炸物 Gorengan,target,,,,,,
w088,Depot Bu Tini,unj,-6.18931,106.88496,"冰茶, 咖啡",target,,,,,,
w089,Angkringan Bu Siti,unj,-6.19306,106.87969,"炒饭 Nasi Goreng, Warteg 家常菜",target,,,,,,
w090,Warkop Bu Yati,unj,-6.19318,106.88522,"粥品, 零食",target,,,,,,
w091,Kedai Bu Wulan,unj,-6.19225,106.88029,"咖啡, 粥品",contacted,,,,,,
w092,Warung Kopi Jaya,unj,-6.19316,106.88084,"Indomie 煮面, 炸物 Gorengan",target,,,,,,
w093,Kios Mbak Nia II,unj,-6.19498,106.88468,"粥品, 零食",target,,,,,,
w094,Kios Pak Haji II,unj,-6.19208,106.87866,烤串 Sate,target,,,,,,
w095,Warung Cahaya,unj,-6.19483,106.87928,"零食, 炒饭 Nasi Goreng, 咖啡",target,,,,,,
w096,Depot Mbak Sinta II,unj,-6.19305,106.88555,"Warteg 家常菜, 烤串 Sate",target,,,,,,
w097,Warung Pak Slamet,unj,-6.19311,106.88048,"炒饭 Nasi Goreng, 烤串 Sate, Nasi Padang",target,,,,,,
w098,Warung Kopi Berkah Cabang,unj,-6.19543,106.8838,粥品,target,,,,,,
w099,Angkringan Bu Wahyu,unj,-6.19418,106.88574,"粥品, Indomie 煮面",target,,,,,,
w100,Depot Mbak Ayu,unj,-6.19761,106.87892,"冰茶, 零食, 椰浆饭 Nasi Uduk",target,,,,,,
w101,Toko Kelontong Bu Dewi,unj,-6.19598,106.88381,"果汁 Jus, 冰茶",target,,,,,,
w102,Warung Bang Rizal,unj,-6.18902,106.88535,"烤串 Sate, Nasi Padang",target,,,,,,
w103,Kios Mawar,unj,-6.19454,106.87871,椰浆饭 Nasi Uduk,target,,,,,,
w104,Kios Bang Fajar,binus,-6.20425,106.78126,"咖啡, 粥品",target,,,,,,
w105,Toko Kelontong Mbak Nia,binus,-6.2031,106.77905,冰茶,contacted,,,,,,
w106,Warung Kopi Bu Yuni,binus,-6.19816,106.78344,"咖啡, 烤串 Sate, 粥品",target,,,,,,
w107,Kios Bu Rukiyah,binus,-6.19974,106.78016,"粥品, 烤串 Sate",target,,,,,,
w108,Warteg Mawar,binus,-6.20188,106.77887,"Nasi Padang, 冰茶, 炒饭 Nasi Goreng",target,,,,,,
w109,Kedai Bang Dedi,binus,-6.20554,106.78071,"炒饭 Nasi Goreng, 烤串 Sate, 果汁 Jus",target,,,,,,
w110,Angkringan Mbak Sinta,binus,-6.2036,106.78371,"烤串 Sate, 冰茶",target,,,,,,
w111,Kios Pak Joko,binus,-6.19875,106.78334,咖啡,contacted,,,,,,
w112,Kios Pak Darmawan,binus,-6.20388,106.7817,"果汁 Jus, 粥品",target,,,,,,
w113,Angkringan Bu Painem,binus,-6.20014,106.78443,"Indomie 煮面, Warteg 家常菜",target,,,,,,
w114,Warung Jaya,binus,-6.20232,106.78056,冰茶,target,,,,,,
w115,Kedai Bu Rukiyah,binus,-6.19863,106.78148,"烤串 Sate, 果汁 Jus, 粥品",target,,,,,,
w116,Warung Kopi Berkah,binus,-6.20075,106.77961,"Nasi Padang, 咖啡, 炒饭 Nasi Goreng",target,,,,,,
w117,Warteg Mbak Ayu,binus,-6.20012,106.78117,"果汁 Jus, Indomie 煮面, 炸物 Gorengan",target,,,,,,
w118,Warung Bahagia II,binus,-6.20371,106.78232,冰茶,target,,,,,,
w119,Warteg Pak Bambang,binus,-6.20088,106.78056,咖啡,target,,,,,,
w120,Kios Sejahtera,binus,-6.19977,106.78171,"Indomie 煮面, 椰浆饭 Nasi Uduk",target,,,,,,
w121,Angkringan Pak Darmawan,binus,-6.19866,106.7801,Nasi Padang,target,,,,,,
w122,Toko Kelontong Bu Lestari,binus,-6.20078,106.78282,"果汁 Jus, 烤串 Sate",target,,,,,,
w123,Depot Bu Wulan,binus,-6.20525,106.78028,烤串 Sate,target,,,,,,
w124,Toko Kelontong Melati Cabang,binus,-6.20345,106.78432,"烤串 Sate, 冰茶, 果汁 Jus",target,,,,,,
w125,Angkringan Bu Lasmi,binus,-6.20018,106.78277,"粥品, 椰浆饭 Nasi Uduk",target,,,,,,
w126,Angkringan Cahaya Cabang,binus,-6.20265,106.7806,炸物 Gorengan,target,,,,,,
w127,Toko Kelontong Bu Kartini,binus,-6.20394,106.78288,"咖啡, 椰浆饭 Nasi Uduk",target,,,,,,
w128,Warung Kenanga,binus,-6.20396,106.78174,炸物 Gorengan,target,,,,,,
w129,Depot Bu Kartini,trisakti,-6.16285,106.79001,Warteg 家常菜,contacted,,,,,,
w130,Kedai Anggrek,trisakti,-6.16855,106.79319,"冰茶, 果汁 Jus",target,,,,,,
w131,Angkringan Bu Lasmi II,trisakti,-6.17043,106.78678,"Nasi Padang, Indomie 煮面",target,,,,,,
w132,Kios Pak Eko,trisakti,-6.16596,106.79182,Indomie 煮面,target,,,,,,
w133,Warkop Maju Bersama,trisakti,-6.17119,106.79126,"炸物 Gorengan, Nasi Padang, 零食",target,,,,,,
w134,Warung Pak Supri,trisakti,-6.16807,106.79099,Warteg 家常菜,target,,,,,,
w135,Warteg Berkah,trisakti,-6.17174,106.79158,"Nasi Padang, Warteg 家常菜, 粥品",target,,,,,,
w136,Kedai Pak Budi,trisakti,-6.16655,106.78898,"Indomie 煮面, 果汁 Jus",target,,,,,,
w137,Warung Bu Wahyu Cabang,trisakti,-6.16543,106.78814,炒饭 Nasi Goreng,target,,,,,,
w138,Warung Makmur,trisakti,-6.16478,106.79072,"咖啡, Nasi Padang",target,,,,,,
w139,Kedai Bang Ilham Cabang,trisakti,-6.16833,106.78967,炒饭 Nasi Goreng,target,,,,,,
w140,Warung Kopi Anggrek II,trisakti,-6.16627,106.79018,"粥品, Indomie 煮面, 果汁 Jus",target,,,,,,
w141,Warteg Bang Dedi,trisakti,-6.16703,106.79244,Nasi Padang,target,,,,,,
w142,Depot Bang Dedi,trisakti,-6.16513,106.79305,Warteg 家常菜,target,,,,,,
w143,Warung Sentosa,trisakti,-6.17025,106.79204,"咖啡, Indomie 煮面",target,,,,,,
w144,Kios Bu Sari,trisakti,-6.17038,106.78984,粥品,target,,,,,,
w145,Warteg Bu Yati,trisakti,-6.16522,106.78966,烤串 Sate,target,,,,,,
w146,Warung Kopi Bang Dedi Cabang,trisakti,-6.16969,106.79229,"果汁 Jus, 炸物 Gorengan, 炒饭 Nasi Goreng",target,,,,,,
w147,Warkop Bu Lasmi,trisakti,-6.1668,106.79237,"Warteg 家常菜, 椰浆饭 Nasi Uduk",target,,,,,,
w148,Depot Bang Jago,trisakti,-6.16878,106.78872,零食,target,,,,,,
w149,Toko Kelontong Bu Yuni,trisakti,-6.1649,106.79017,"炒饭 Nasi Goreng, 炸物 Gorengan, Nasi Padang",target,,,,,,
w150,Warung Kopi Harapan,trisakti,-6.16633,106.78947,"Indomie 煮面, 零食, Warteg 家常菜",target,,,,,,
w151,Kedai Bu Lasmi,trisakti,-6.16378,106.78739,冰茶,target,,,,,,
w152,Angkringan Bang Rizal,trisakti,-6.16637,106.78858,粥品,target,,,,,,
w153,Warung Kopi Bu Kartini,atmajaya,-6.21939,106.81925,"粥品, 炒饭 Nasi Goreng",target,,,,,,
w154,Kedai Bu Painem,atmajaya,-6.22081,106.82078,冰茶,target,,,,,,
w155,Warkop Bu Wulan,atmajaya,-6.21754,106.82174,果汁 Jus,target,,,,,,
w156,Kios Mbak Rina,atmajaya,-6.21716,106.82156,"椰浆饭 Nasi Uduk, Nasi Padang",target,,,,,,
w157,Angkringan Barokah,atmajaya,-6.21628,106.8214,果汁 Jus,target,,,,,,
w158,Depot Bu Endang,atmajaya,-6.2204,106.82014,"Indomie 煮面, 粥品, 烤串 Sate",target,,,,,,
w159,Kedai Mbak Nia,atmajaya,-6.21856,106.82223,"椰浆饭 Nasi Uduk, 炒饭 Nasi Goreng",target,,,,,,
w160,Warung Kopi Pak Supri,atmajaya,-6.2168,106.82325,冰茶,target,,,,,,
w161,Warung Kopi Bu Wulan II,atmajaya,-6.21548,106.82179,"零食, 粥品",target,,,,,,
w162,Warteg Pak Slamet,atmajaya,-6.21913,106.82831,"Nasi Padang, Indomie 煮面",target,,,,,,
w163,Angkringan Anggrek Cabang,atmajaya,-6.21788,106.82412,"Nasi Padang, 果汁 Jus",target,,,,,,
w164,Toko Kelontong Mbak Ayu,atmajaya,-6.21827,106.8198,Indomie 煮面,target,,,,,,
w165,Toko Kelontong Bahagia Cabang,atmajaya,-6.2178,106.82676,烤串 Sate,target,,,,,,
w166,Warteg Barokah,atmajaya,-6.22099,106.82641,"Nasi Padang, 烤串 Sate",target,,,,,,
w167,Warung Harapan,atmajaya,-6.21747,106.82517,"烤串 Sate, 粥品",contacted,,,,,,
w168,Warung Bu Lestari,atmajaya,-6.21728,106.82194,Indomie 煮面,target,,,,,,
w169,Kios Bu Tini,atmajaya,-6.2208,106.82087,炒饭 Nasi Goreng,target,,,,,,
w170,Kios Bu Kartini Cabang,atmajaya,-6.21756,106.82219,咖啡,target,,,,,,
w171,Toko Kelontong Kamboja,atmajaya,-6.2222,106.81843,"Indomie 煮面, Nasi Padang",target,,,,,,
w172,Warung Kopi Bang Udin,atmajaya,-6.21978,106.82284,"烤串 Sate, Nasi Padang",target,,,,,,
w173,Angkringan Bu Rukiyah,atmajaya,-6.22186,106.81998,粥品,target,,,,,,
w174,Warteg Pak Budi,atmajaya,-6.22359,106.82688,"Indomie 煮面, 咖啡",target,,,,,,
w175,Warteg Bu Painem,atmajaya,-6.21828,106.82527,"椰浆饭 Nasi Uduk, Nasi Padang",target,,,,,,
w176,Kios Pak Supri,uin,-6.30666,106.75178,"椰浆饭 Nasi Uduk, 冰茶, Warteg 家常菜",target,,,,,,
w177,Warung Pak Haji,uin,-6.30738,106.75569,"Warteg 家常菜, 椰浆饭 Nasi Uduk",target,,,,,,
w178,Warteg Bu Yuni,uin,-6.30616,106.75706,"炸物 Gorengan, 冰茶",target,,,,,,
w179,Depot Pak Herman II,uin,-6.3062,106.75772,"炒饭 Nasi Goreng, 烤串 Sate",target,,,,,,
w180,Warteg Pak Joko,uin,-6.30508,106.75571,Warteg 家常菜,target,,,,,,
w181,Warung Kopi Bang Ilham,uin,-6.30848,106.75468,炒饭 Nasi Goreng,target,,,,,,
w182,Warung Kopi Bu Siti,uin,-6.30699,106.75733,Nasi Padang,target,,,,,,
w183,Kedai Pak Darmawan,uin,-6.30358,106.75998,粥品,target,,,,,,
w184,Kios Bu Siti,uin,-6.30621,106.75497,"Warteg 家常菜, Nasi Padang",target,,,,,,
w185,Kios Sentosa,uin,-6.30561,106.75469,零食,contacted,,,,,,
w186,Warkop Bu Sari,uin,-6.3045,106.75763,"咖啡, 粥品, 炒饭 Nasi Goreng",target,,,,,,
w187,Depot Berkah,uin,-6.30083,106.75757,"粥品, 椰浆饭 Nasi Uduk",target,,,,,,
w188,Warung Kopi Bu Yati,uin,-6.30301,106.75884,"Nasi Padang, 椰浆饭 Nasi Uduk",target,,,,,,
w189,Warteg Bu Ani Cabang,uin,-6.3068,106.75732,"粥品, 冰茶, 炒饭 Nasi Goreng",target,,,,,,
w190,Kedai Barokah,uin,-6.30536,106.75769,"果汁 Jus, Nasi Padang",target,,,,,,
w191,Warteg Teratai,uin,-6.3076,106.75238,"Indomie 煮面, 炒饭 Nasi Goreng, 椰浆饭 Nasi Uduk",target,,,,,,
w192,Warung Kopi Barokah,uin,-6.30256,106.75459,"炸物 Gorengan, 烤串 Sate",target,,,,,,
w193,Warung Kopi Pak Budi,uin,-6.30763,106.7561,"零食, 炒饭 Nasi Goreng",target,,,,,,
w194,Warteg Bu Wahyu,uin,-6.30307,106.75255,"冰茶, 粥品",target,,,,,,
w195,Toko Kelontong Bu Ani,uin,-6.30519,106.75407,"炒饭 Nasi Goreng, Indomie 煮面, 果汁 Jus",target,,,,,,
w196,Warung Kopi Pak Joko II,uin,-6.30477,106.75218,椰浆饭 Nasi Uduk,target,,,,,,
w197,Angkringan Mawar,uin,-6.30554,106.75544,Warteg 家常菜,target,,,,,,
w198,Warkop Jaya,uin,-6.30302,106.754,"冰茶, 粥品",target,,,,,,
w199,Toko Kelontong Pak Slamet,uin,-6.30115,106.75466,冰茶,target,,,,,,
w200,Warteg Bu Ratna,pancasila,-6.33293,106.83699,Nasi Padang,target,,,,,,
w201,Kedai Bahagia Cabang,pancasila,-6.3345,106.83015,Nasi Padang,target,,,,,,
w202,Warkop Pak Budi,pancasila,-6.33679,106.83083,"零食, 烤串 Sate",target,,,,,,
w203,Warkop Bang Aldi,pancasila,-6.33726,106.8353,Warteg 家常菜,target,,,,,,
w204,Warkop Harapan,pancasila,-6.33521,106.83398,"咖啡, 果汁 Jus, 烤串 Sate",target,,,,,,
w205,Warung Kopi Sentosa Cabang,pancasila,-6.33887,106.83017,果汁 Jus,target,,,,,,
w206,Angkringan Anggrek,pancasila,-6.34074,106.83044,烤串 Sate,target,,,,,,
w207,Warkop Bahagia,pancasila,-6.33528,106.83462,"炒饭 Nasi Goreng, Nasi Padang",target,,,,,,
w208,Warung Maju Bersama,pancasila,-6.33709,106.83343,炒饭 Nasi Goreng,target,,,,,,
w209,Kedai Bu Ani,pancasila,-6.33559,106.83302,"粥品, 炒饭 Nasi Goreng",target,,,,,,
w210,Warkop Pak Haji,pancasila,-6.33829,106.83039,Indomie 煮面,target,,,,,,
w211,Warkop Cempaka,pancasila,-6.33735,106.83217,"粥品, 炒饭 Nasi Goreng",target,,,,,,
w212,Toko Kelontong Sederhana,pancasila,-6.33904,106.83482,冰茶,target,,,,,,
w213,Angkringan Bu Endang,pancasila,-6.33356,106.83613,"烤串 Sate, 炒饭 Nasi Goreng",target,,,,,,
w214,Toko Kelontong Bang Fajar II,pancasila,-6.33781,106.83215,"Indomie 煮面, 粥品, 冰茶",contacted,,,,,,
w215,Kedai Sentosa,pancasila,-6.33827,106.83331,"Nasi Padang, Indomie 煮面",target,,,,,,
w216,Angkringan Bu Lestari,pancasila,-6.3346,106.83083,"Indomie 煮面, 零食",target,,,,,,
w217,Warung Bu Tini,pancasila,-6.33814,106.82796,"炸物 Gorengan, 零食",target,,,,,,
w218,Warung Bu Kartini,pancasila,-6.33646,106.83165,"冰茶, Warteg 家常菜",target,,,,,,
w219,Depot Mbak Wati,pancasila,-6.34146,106.83698,"炒饭 Nasi Goreng, Nasi Padang",target,,,,,,
w220,Warung Kopi Bu Endang,pancasila,-6.33298,106.83532,"炸物 Gorengan, Warteg 家常菜",target,,,,,,
w221,Angkringan Seroja,pancasila,-6.3398,106.83679,"零食, 粥品, Nasi Padang",contacted,,,,,,
w222,Warung Bang Dedi,pancasila,-6.33889,106.83584,烤串 Sate,target,,,,,,
w223,Kedai Bu Kartini,untar,-6.17015,106.79191,"果汁 Jus, 炒饭 Nasi Goreng",target,,,,,,
w224,Angkringan Bu Endang 2,untar,-6.16731,106.78953,"粥品, 炒饭 Nasi Goreng, 咖啡",target,,,,,,
w225,Kedai Bu Lasmi 2,untar,-6.16572,106.78592,Indomie 煮面,target,,,,,,
w226,Kedai Bu Dewi,untar,-6.16971,106.78711,"Warteg 家常菜, 炒饭 Nasi Goreng",target,,,,,,
w227,Depot Seroja,untar,-6.16919,106.78809,椰浆饭 Nasi Uduk,target,,,,,,
w228,Kantin Bu Yati,untar,-6.17096,106.78719,"炒饭 Nasi Goreng, 冰茶",target,,,,,,
w229,Gerobak Kopi Maju Bersama 2,untar,-6.17191,106.79452,"炒饭 Nasi Goreng, 烤串 Sate",target,,,,,,
w230,Toko Kelontong Flamboyan,untar,-6.17006,106.79132,"炸物 Gorengan, 粥品",target,,,,,,
w231,Warteg Mbak Yoyoh,untar,-6.1694,106.79253,"椰浆饭 Nasi Uduk, 烤串 Sate",target,,,,,,
w232,Depot Kamboja,untar,-6.16842,106.78913,"炸物 Gorengan, 粥品",target,,,,,,
w233,Gerobak Kopi Bang Fajar,uki,-6.24873,106.87372,咖啡,target,,,,,,
w234,Kedai Bang Doel,uki,-6.24656,106.86899,"果汁 Jus, Warteg 家常菜",target,,,,,,
w235,Angkringan Harapan,uki,-6.2468,106.86886,炒饭 Nasi Goreng,target,,,,,,
w236,Kantin Bang Dedi,uki,-6.24599,106.87104,炸物 Gorengan,contacted,,,,,,
w237,Toko Kelontong Bang Fajar,uki,-6.24902,106.87033,果汁 Jus,target,,,,,,
w238,Warung Anggrek,uki,-6.24986,106.87013,粥品,target,,,,,,
w239,Angkringan Kamboja,uki,-6.25066,106.87016,咖啡,target,,,,,,
w240,Warkop Mbak Lastri,uki,-6.247,106.87133,"咖啡, 粥品",target,,,,,,
w241,Gerobak Kopi Pak Rojak,uki,-6.24773,106.87058,果汁 Jus,target,,,,,,
w242,Warteg Mbak Sri,uki,-6.24443,106.87274,"粥品, 果汁 Jus",target,,,,,,
w243,Kedai Bang Zul,uki,-6.25192,106.87461,零食,target,,,,,,
w244,Kantin Pak Herman,uki,-6.25017,106.8738,Indomie 煮面,target,,,,,,
w245,Kios Bahagia,uki,-6.24932,106.87039,"烤串 Sate, 椰浆饭 Nasi Uduk",target,,,,,,
w246,Warung Nasi Mbak Rina Cabang,uki,-6.24637,106.86822,烤串 Sate,target,,,,,,
w247,Kios Bang Jarwo,mercubuana,-6.20911,106.73745,Warteg 家常菜,target,,,,,,
w248,Depot Bu Wahyu,mercubuana,-6.20845,106.74143,"Indomie 煮面, 果汁 Jus",target,,,,,,
w249,Kedai Sejahtera,mercubuana,-6.20851,106.74073,"冰茶, 零食",contacted,,,,,,
w250,Warung Kopi Pak Herman,mercubuana,-6.21443,106.74103,"果汁 Jus, 椰浆饭 Nasi Uduk, 零食",target,,,,,,
w251,Kedai Bang Aldi,mercubuana,-6.20786,106.73625,"咖啡, Warteg 家常菜",target,,,,,,
w252,Kedai Bu Ijah,mercubuana,-6.21394,106.73984,"炸物 Gorengan, Indomie 煮面",target,,,,,,
w253,Warung Bu Oneng,mercubuana,-6.21044,106.73989,"炒饭 Nasi Goreng, 冰茶, 炸物 Gorengan",target,,,,,,
w254,Gerobak Kopi Bu Kartini,mercubuana,-6.2059,106.73409,"炸物 Gorengan, 椰浆饭 Nasi Uduk",target,,,,,,
w255,Kedai Bang Fajar,mercubuana,-6.20602,106.73519,椰浆饭 Nasi Uduk,target,,,,,,
w256,Warteg Bang Ojak,mercubuana,-6.21062,106.73774,炒饭 Nasi Goreng,target,,,,,,
w257,Warteg Mbak Wati,mercubuana,-6.20718,106.74105,"冰茶, 果汁 Jus, 咖啡",target,,,,,,
w258,Gerobak Kopi Bahagia,mercubuana,-6.2117,106.73961,零食,target,,,,,,
w259,Warteg Bang Aldi,uph,-6.2245,106.61434,"零食, Indomie 煮面",contacted,,,,,,
w260,Angkringan Pak Bambang,uph,-6.22588,106.60956,"粥品, 冰茶, 咖啡",target,,,,,,
w261,Angkringan Mbak Yoyoh,uph,-6.23141,106.60967,"炸物 Gorengan, Indomie 煮面",contacted,,,,,,
w262,Warung Nasi Pak Cecep,uph,-6.22716,106.61574,"Nasi Padang, 椰浆饭 Nasi Uduk",target,,,,,,
w263,Kantin Teratai,uph,-6.23013,106.60952,零食,target,,,,,,
w264,Kedai Jaya 2,uph,-6.23282,106.61598,咖啡,target,,,,,,
w265,Warteg Bang Zul,uph,-6.22713,106.61473,椰浆饭 Nasi Uduk,target,,,,,,
w266,Angkringan Flamboyan,uph,-6.224,106.61184,"咖啡, 零食",target,,,,,,
w267,Kedai Maju Bersama Cabang,uph,-6.23279,106.60924,"零食, 烤串 Sate, Nasi Padang",target,,,,,,
w268,Warkop Pak Bambang 2,uph,-6.22995,106.60927,零食,target,,,,,,
w269,Warteg Pak Teguh,uph,-6.23347,106.61244,"炸物 Gorengan, 咖啡, 零食",target,,,,,,
w270,Depot Mbak Sinta,uph,-6.22639,106.61016,Nasi Padang,contacted,,,,,,
w271,Depot Bang Ojak,uph,-6.23235,106.61207,"冰茶, 烤串 Sate",target,,,,,,
w272,Gerobak Kopi Bu Lasmi,uph,-6.22745,106.61329,"椰浆饭 Nasi Uduk, 粥品",target,,,,,,
w273,Depot Melati,umn,-6.25559,106.61804,"冰茶, 炸物 Gorengan",target,,,,,,
w274,Kantin Mbak Ayu,umn,-6.2527,106.61721,"椰浆饭 Nasi Uduk, 冰茶",target,,,,,,
w275,Depot Pak Kumis,umn,-6.25669,106.61597,"炸物 Gorengan, 冰茶",target,,,,,,
w276,Angkringan Bang Aldi,umn,-6.25623,106.61937,"冰茶, Indomie 煮面",target,,,,,,
w277,Warteg Pak Budi Cabang,umn,-6.25912,106.61398,"烤串 Sate, 椰浆饭 Nasi Uduk",target,,,,,,
w278,Warung Nasi Pak Haji Cabang,umn,-6.25574,106.61898,果汁 Jus,contacted,,,,,,
w279,Warung Nasi Teratai,umn,-6.25542,106.62268,"粥品, Indomie 煮面",target,,,,,,
w280,Warung Kopi Maju Bersama,umn,-6.25819,106.62131,"炒饭 Nasi Goreng, Indomie 煮面",target,,,,,,
w281,Toko Kelontong Pak Cecep Cabang,umn,-6.2561,106.61932,"烤串 Sate, Indomie 煮面, 零食",target,,,,,,
w282,Warung Bang Doel,umn,-6.26047,106.61508,粥品,target,,,,,,
w283,Depot Bu Lasmi,umn,-6.25766,106.61747,Indomie 煮面,target,,,,,,
w284,Gerobak Kopi Bu Yuni,umn,-6.26198,106.61502,"炒饭 Nasi Goreng, 粥品",target,,,,,,
w285,Toko Kelontong Pak Supri,umn,-6.2595,106.6157,"咖啡, Nasi Padang, Warteg 家常菜",target,,,,,,
w286,Warung Kopi Bang Rizal,prasmul,-6.30497,106.64036,"椰浆饭 Nasi Uduk, 炒饭 Nasi Goreng, 零食",target,,,,,,
w287,Gerobak Kopi Jaya,prasmul,-6.30108,106.6389,"粥品, 冰茶",contacted,,,,,,
w288,Warung Nasi Sentosa,prasmul,-6.30475,106.64095,"咖啡, 炒饭 Nasi Goreng",target,,,,,,
w289,Angkringan Seroja Cabang,prasmul,-6.30422,106.63823,"粥品, 烤串 Sate",target,,,,,,
w290,Kantin Mbak Sinta II,prasmul,-6.29768,106.64126,果汁 Jus,target,,,,,,
w291,Depot Mbak Sri,prasmul,-6.29838,106.64201,"Warteg 家常菜, Indomie 煮面",target,,,,,,
w292,Angkringan Bang Ojak,prasmul,-6.30114,106.64048,"椰浆饭 Nasi Uduk, 咖啡",target,,,,,,
w293,Toko Kelontong Pak Joko,prasmul,-6.29766,106.63957,炒饭 Nasi Goreng,target,,,,,,
w294,Angkringan Pak Engkos,prasmul,-6.29771,106.64344,"零食, 炸物 Gorengan",target,,,,,,
w295,Toko Kelontong Bu Sari,prasmul,-6.2995,106.64388,"烤串 Sate, 炸物 Gorengan",target,,,,,,
w296,Kios Bang Jarwo 2,jayabaya,-6.18341,106.87954,Indomie 煮面,target,,,,,,
w297,Warteg Mbak Nia,jayabaya,-6.18193,106.88075,Nasi Padang,target,,,,,,
w298,Warung Nasi Bu Yati,jayabaya,-6.1802,106.87748,"炸物 Gorengan, Warteg 家常菜",target,,,,,,
w299,Gerobak Kopi Bang Jarwo,jayabaya,-6.18259,106.87956,"冰茶, 炸物 Gorengan",target,,,,,,
w300,Kedai Pak Eko,jayabaya,-6.1771,106.87388,椰浆饭 Nasi Uduk,target,,,,,,
w301,Warung Kopi Anggrek,jayabaya,-6.1792,106.87686,"椰浆饭 Nasi Uduk, 粥品",target,,,,,,
w302,Depot Mbak Lastri,jayabaya,-6.17736,106.8756,"椰浆饭 Nasi Uduk, Indomie 煮面",target,,,,,,
w303,Warung Bu Sari,jayabaya,-6.17948,106.87663,"冰茶, 粥品",target,,,,,,
w304,Gerobak Kopi Bu Wahyu,jayabaya,-6.18151,106.87928,果汁 Jus,target,,,,,,
w305,Warung Kopi Bu Wahyu,jayabaya,-6.18271,106.87338,炒饭 Nasi Goreng,target,,,,,,
w306,Kedai Pak Cecep,untag,-6.13093,106.86158,果汁 Jus,target,,,,,,
w307,Warteg Flamboyan,untag,-6.1297,106.86227,炒饭 Nasi Goreng,target,,,,,,
w308,Depot Pak Joko,untag,-6.13676,106.85769,"椰浆饭 Nasi Uduk, Warteg 家常菜",target,,,,,,
w309,Warkop Sederhana Cabang,untag,-6.13624,106.86134,烤串 Sate,target,,,,,,
w310,Kios Pak Haji,untag,-6.12869,106.86324,咖啡,target,,,,,,
w311,Gerobak Kopi Bu Sari,untag,-6.12855,106.86489,"Indomie 煮面, 冰茶",target,,,,,,
w312,Kios Pak Herman II,untag,-6.13705,106.86613,"椰浆饭 Nasi Uduk, Indomie 煮面",target,,,,,,
w313,Depot Bu Mpok Ati,untag,-6.13029,106.86321,"咖啡, Indomie 煮面",target,,,,,,
w314,Angkringan Mbak Lastri,untag,-6.1312,106.86062,"炸物 Gorengan, 粥品, 零食",contacted,,,,,,
w315,Warung Bang Fajar 2,untag,-6.1347,106.86284,炒饭 Nasi Goreng,target,,,,,,
w316,Warung Nasi Bu Euis,untag,-6.13393,106.86206,"粥品, Indomie 煮面, 椰浆饭 Nasi Uduk",target,,,,,,
w317,Kantin Pak Eko,untag,-6.128,106.86384,椰浆饭 Nasi Uduk,target,,,,,,
w318,Angkringan Bang Ilham,umj,-6.29699,106.76349,"烤串 Sate, 炒饭 Nasi Goreng",contacted,,,,,,
w319,Warung Kopi Pak Joko,umj,-6.30112,106.76993,"零食, 咖啡",target,,,,,,
w320,Kios Bang Napi,umj,-6.29795,106.76875,Nasi Padang,target,,,,,,
w321,Warung Nasi Sejahtera,umj,-6.30191,106.76952,Nasi Padang,target,,,,,,
w322,Warkop Bang Udin,umj,-6.29715,106.76729,Warteg 家常菜,target,,,,,,
w323,Warteg Mbak Sinta,umj,-6.29999,106.76385,"零食, 咖啡",target,,,,,,
w324,Kantin Bu Wahyu,umj,-6.29603,106.77182,"果汁 Jus, 零食, 炸物 Gorengan",target,,,,,,
w325,Kedai Bu Yati 2,umj,-6.30244,106.76481,"炒饭 Nasi Goreng, 果汁 Jus",target,,,,,,
w326,Gerobak Kopi Bu Ratna,umj,-6.30354,106.76378,"零食, 烤串 Sate",target,,,,,,
w327,Toko Kelontong Harapan,umj,-6.29915,106.76983,"果汁 Jus, 椰浆饭 Nasi Uduk, 烤串 Sate",target,,,,,,
w328,Warkop Pak Haji Nawi,umj,-6.29805,106.76999,Warteg 家常菜,target,,,,,,
w329,Toko Kelontong Sejahtera Cabang,umj,-6.29652,106.77094,"烤串 Sate, 零食",target,,,,,,
w330,Warteg Pak Rojak,budiluhur,-6.23348,106.74574,冰茶,target,,,,,,
w331,Kantin Bu Yuni,budiluhur,-6.23376,106.75096,"Warteg 家常菜, 烤串 Sate",target,,,,,,
w332,Kantin Seroja,budiluhur,-6.23758,106.74499,"冰茶, 烤串 Sate",target,,,,,,
w333,Kios Mbak Yoyoh,budiluhur,-6.2352,106.75077,"冰茶, 烤串 Sate",target,,,,,,
w334,Kantin Makmur,budiluhur,-6.2373,106.74389,冰茶,target,,,,,,
w335,Angkringan Pak Haji Nawi,budiluhur,-6.23209,106.74954,"椰浆饭 Nasi Uduk, 冰茶",target,,,,,,
w336,Gerobak Kopi Bu Lestari,budiluhur,-6.23726,106.74527,"零食, 炸物 Gorengan",target,,,,,,
w337,Kantin Mbak Sri,budiluhur,-6.23064,106.74931,"炸物 Gorengan, 冰茶",target,,,,,,
w338,Kios Bu Mpok Ati,budiluhur,-6.23588,106.74618,"冰茶, 炸物 Gorengan",target,,,,,,
w339,Angkringan Bu Oneng,budiluhur,-6.23564,106.74929,椰浆饭 Nasi Uduk,target,,,,,,
w340,Kantin Bu Tini,budiluhur,-6.23414,106.74561,"咖啡, 炸物 Gorengan, 椰浆饭 Nasi Uduk",target,,,,,,
w341,Warung Kopi Bang Jarwo,budiluhur,-6.23889,106.74604,"零食, 果汁 Jus",target,,,,,,
w342,Kedai Bu Euis,budiluhur,-6.23057,106.74917,椰浆饭 Nasi Uduk,target,,,,,,
w343,Warung Bu Yati,budiluhur,-6.23805,106.74957,粥品,target,,,,,,
w344,Kantin Bang Jago Cabang,esaunggul,-6.1864,106.77806,炒饭 Nasi Goreng,target,,,,,,
w345,Kios Seroja,esaunggul,-6.18398,106.77582,"Nasi Padang, 烤串 Sate",target,,,,,,
w346,Kedai Bu Hj. Ida 2,esaunggul,-6.18537,106.78186,冰茶,contacted,,,,,,
w347,Gerobak Kopi Mbak Yoyoh,esaunggul,-6.18393,106.77784,"炸物 Gorengan, 粥品",target,,,,,,
w348,Warung Kopi Kamboja,esaunggul,-6.18534,106.77794,"粥品, 咖啡",target,,,,,,
w349,Warkop Pak Kumis,esaunggul,-6.18313,106.77767,"粥品, Nasi Padang, 果汁 Jus",contacted,,,,,,
w350,Kios Bu Yuni,esaunggul,-6.18282,106.7833,炒饭 Nasi Goreng,target,,,,,,
w351,Warung Nasi Flamboyan,esaunggul,-6.18477,106.77642,粥品,target,,,,,,
w352,Warteg Kenanga,esaunggul,-6.1846,106.7799,"烤串 Sate, 零食",target,,,,,,
w353,Kedai Bu Marwati,esaunggul,-6.18416,106.77772,"椰浆饭 Nasi Uduk, 冰茶",target,,,,,,
w354,Kedai Berkah,esaunggul,-6.18787,106.77623,"炒饭 Nasi Goreng, 炸物 Gorengan",target,,,,,,
w355,Toko Kelontong Mbak Nia Cabang,esaunggul,-6.18653,106.77612,"粥品, 炸物 Gorengan",target,,,,,,
w356,Warung Kopi Bang Udin Cabang,esaunggul,-6.18868,106.7816,"果汁 Jus, Nasi Padang",target,,,,,,
w357,Kios Bang Doel,esaunggul,-6.1887,106.78064,"咖啡, 零食",target,,,,,,
w358,Kantin Mbak Wati,ukrida,-6.17089,106.79044,"咖啡, 零食",target,,,,,,
w359,Warkop Cahaya,ukrida,-6.17529,106.79027,"炒饭 Nasi Goreng, 烤串 Sate, 冰茶",target,,,,,,
w360,Kantin Cahaya 2,ukrida,-6.17157,106.78857,烤串 Sate,target,,,,,,
w361,Toko Kelontong Pak Herman II,ukrida,-6.17646,106.78722,"冰茶, Nasi Padang",target,,,,,,
w362,Warung Bu Hj. Ida,ukrida,-6.17545,106.78818,"Nasi Padang, 果汁 Jus",target,,,,,,
w363,Toko Kelontong Berkah,ukrida,-6.17537,106.79223,"Nasi Padang, 烤串 Sate, 粥品",contacted,,,,,,
w364,Gerobak Kopi Sentosa,ukrida,-6.17203,106.78978,"咖啡, 粥品",target,,,,,,
w365,Warung Kopi Bu Kokom Cabang,ukrida,-6.17223,106.79068,粥品,target,,,,,,
w366,Warung Nasi Bang Ojak 2,ukrida,-6.17221,106.79069,"零食, 椰浆饭 Nasi Uduk",target,,,,,,
w367,Kantin Sentosa Cabang,ukrida,-6.1705,106.78677,粥品,target,,,,,,
w368,Toko Kelontong Pak Engkos,ukrida,-6.17624,106.7865,粥品,target,,,,,,
w369,Warung Nasi Seroja,perbanas,-6.22064,106.82983,"咖啡, 冰茶, Warteg 家常菜",target,,,,,,
w370,Warung Nasi Bu Lestari,perbanas,-6.21762,106.82993,冰茶,target,,,,,,
w371,Warung Nasi Flamboyan 2,perbanas,-6.21699,106.83133,"烤串 Sate, 炒饭 Nasi Goreng",target,,,,,,
w372,Warung Nasi Mbak Rina,perbanas,-6.21658,106.82991,"零食, 粥品, 炸物 Gorengan",target,,,,,,
w373,Warung Kopi Bu Hj. Ida,perbanas,-6.22157,106.8311,烤串 Sate,target,,,,,,
w374,Angkringan Berkah,perbanas,-6.21975,106.83136,"炸物 Gorengan, 零食",target,,,,,,
w375,Warung Nasi Pak Joko,perbanas,-6.21519,106.82854,"咖啡, 烤串 Sate",target,,,,,,
w376,Kedai Mbak Sinta,perbanas,-6.21892,106.83043,"Nasi Padang, Warteg 家常菜",target,,,,,,
w377,Angkringan Pak Cecep Cabang,perbanas,-6.2201,106.83179,"粥品, Nasi Padang",target,,,,,,
w378,Toko Kelontong Bu Wahyu,perbanas,-6.21762,106.8307,"炒饭 Nasi Goreng, 粥品",target,,,,,,
w379,Depot Sejahtera II,moestopo,-6.25473,106.76669,椰浆饭 Nasi Uduk,target,,,,,,
w380,Warkop Makmur,moestopo,-6.26337,106.762,"Nasi Padang, 烤串 Sate",target,,,,,,
w381,Warteg Bu Kokom,moestopo,-6.25965,106.76298,"零食, 炒饭 Nasi Goreng",contacted,,,,,,
w382,Kios Sederhana,moestopo,-6.26146,106.76664,"咖啡, 炸物 Gorengan, Warteg 家常菜",target,,,,,,
w383,Warung Sejahtera,moestopo,-6.26294,106.76417,Indomie 煮面,target,,,,,,
w384,Warung Kopi Bang Jarwo II,moestopo,-6.26265,106.76634,"果汁 Jus, 炒饭 Nasi Goreng, Nasi Padang",target,,,,,,
w385,Kios Bang Dedi II,moestopo,-6.25981,106.76104,"炒饭 Nasi Goreng, Indomie 煮面, 咖啡",target,,,,,,
w386,Warkop Melati,moestopo,-6.26387,106.76134,"烤串 Sate, 零食",target,,,,,,
w387,Kantin Bu Lasmi,moestopo,-6.26347,106.76867,咖啡,target,,,,,,
w388,Gerobak Kopi Bu Painem,moestopo,-6.25722,106.76496,"炸物 Gorengan, Warteg 家常菜",target,,,,,,
w389,Kedai Pak Kumis,moestopo,-6.26213,106.7697,"Nasi Padang, 咖啡, 烤串 Sate",target,,,,,,
w390,Depot Sederhana 2,moestopo,-6.26119,106.76225,"零食, Warteg 家常菜",target,,,,,,
w391,Warung Nasi Bu Ratna,moestopo,-6.25538,106.76836,炒饭 Nasi Goreng,target,,,,,,
w392,Warkop Bu Rukiyah,moestopo,-6.26436,106.76454,"Warteg 家常菜, 烤串 Sate",target,,,,,,
w393,Warung Nasi Bu Mpok Ati,uai,-6.23345,106.79515,"炸物 Gorengan, 椰浆饭 Nasi Uduk, 粥品",target,,,,,,
w394,Gerobak Kopi Kamboja,uai,-6.23108,106.79864,果汁 Jus,target,,,,,,
w395,Warung Nasi Bahagia,uai,-6.23462,106.7976,"炒饭 Nasi Goreng, Indomie 煮面",target,,,,,,
w396,Warung Sederhana,uai,-6.23411,106.79654,"冰茶, Warteg 家常菜",target,,,,,,
w397,Kantin Pak Teguh,uai,-6.23608,106.79865,"果汁 Jus, 咖啡",target,,,,,,
w398,Warung Kopi Cahaya,uai,-6.23487,106.79852,"粥品, 咖啡",target,,,,,,
w399,Toko Kelontong Bang Napi Cabang,uai,-6.23114,106.79991,"果汁 Jus, 炸物 Gorengan",target,,,,,,
w400,Warkop Pak Rojak,uai,-6.23935,106.79649,"咖啡, Nasi Padang",target,,,,,,
w401,Warung Bu Mpok Ati,uai,-6.23412,106.79862,"零食, 椰浆饭 Nasi Uduk",contacted,,,,,,
w402,Warkop Pak Dul,uai,-6.23749,106.80052,"粥品, 椰浆饭 Nasi Uduk",target,,,,,,
w403,Gerobak Kopi Bang Napi,uai,-6.23313,106.79959,零食,target,,,,,,
w404,Depot Pak Engkos,lspr,-6.20908,106.81476,冰茶,target,,,,,,
w405,Kantin Bu Ratna,lspr,-6.21068,106.81296,零食,target,,,,,,
w406,Warung Mbak Wati,lspr,-6.20483,106.81592,"粥品, 果汁 Jus, Warteg 家常菜",target,,,,,,
w407,Angkringan Pak Supri,lspr,-6.20289,106.81841,Indomie 煮面,contacted,,,,,,
w408,Warkop Bang Ilham,lspr,-6.20995,106.81822,"果汁 Jus, 炸物 Gorengan",target,,,,,,
w409,Warteg Bu Ani,lspr,-6.20452,106.81983,"粥品, Nasi Padang",target,,,,,,
w410,Warkop Bang Zul,lspr,-6.20696,106.82213,"咖啡, 冰茶",target,,,,,,
w411,Kios Bu Yuni Cabang,lspr,-6.20517,106.81911,"粥品, 冰茶, 炸物 Gorengan",target,,,,,,
w412,Warung Pak Bambang,lspr,-6.20834,106.8175,"零食, Indomie 煮面, 椰浆饭 Nasi Uduk",target,,,,,,
w413,Warung Bu Euis,lspr,-6.20428,106.81763,"零食, 椰浆饭 Nasi Uduk, 果汁 Jus",target,,,,,,
w414,Kedai Maju Bersama,lspr,-6.20845,106.81647,"椰浆饭 Nasi Uduk, 粥品, Nasi Padang",target,,,,,,
w415,Angkringan Cempaka,lspr,-6.20228,106.81405,"冰茶, Indomie 煮面",contacted,,,,,,
w416,Toko Kelontong Bu Mpok Ati,sahid,-6.23148,106.84205,"炒饭 Nasi Goreng, 零食",target,,,,,,
w417,Warung Bu Ratna,sahid,-6.23731,106.84685,"Indomie 煮面, 粥品",target,,,,,,
w418,Warkop Mbak Rina,sahid,-6.23463,106.84714,"冰茶, Nasi Padang",target,,,,,,
w419,Kantin Pak Haji,sahid,-6.23281,106.8458,咖啡,target,,,,,,
w420,Kedai Bu Lestari,sahid,-6.23637,106.84167,Indomie 煮面,target,,,,,,
w421,Kantin Sederhana,sahid,-6.24012,106.84744,"咖啡, Nasi Padang, 炒饭 Nasi Goreng",target,,,,,,
w422,Angkringan Mawar 2,sahid,-6.23677,106.84568,"咖啡, 炒饭 Nasi Goreng",target,,,,,,
w423,Gerobak Kopi Bu Rukiyah,sahid,-6.23953,106.83904,"Nasi Padang, 果汁 Jus",target,,,,,,
w424,Warteg Bu Siti,sahid,-6.23436,106.83955,"零食, 冰茶",target,,,,,,
w425,Kantin Pak Dul,sahid,-6.23943,106.84777,Indomie 煮面,target,,,,,,
w426,Warkop Bang Udin Cabang,sahid,-6.23404,106.84367,"Nasi Padang, 炒饭 Nasi Goreng, 炸物 Gorengan",target,,,,,,
w427,Warteg Makmur,sahid,-6.23777,106.84583,"咖啡, 炸物 Gorengan",target,,,,,,
w428,Warung Kopi Sejahtera,sahid,-6.23782,106.84467,炸物 Gorengan,target,,,,,,
w429,Toko Kelontong Bu Tini 2,unas,-6.28281,106.83663,零食,target,,,,,,
w430,Warkop Bu Siti,unas,-6.28502,106.83995,"椰浆饭 Nasi Uduk, 炸物 Gorengan, Nasi Padang",target,,,,,,
w431,Kantin Mbak Yoyoh,unas,-6.28109,106.83631,咖啡,target,,,,,,
w432,Toko Kelontong Bu Ijah,unas,-6.27809,106.83709,"零食, 粥品",target,,,,,,
w433,Kios Bang Napi 2,unas,-6.283,106.84196,果汁 Jus,target,,,,,,
w434,Kios Makmur,unas,-6.28075,106.84185,"烤串 Sate, 炸物 Gorengan, Warteg 家常菜",target,,,,,,
w435,Warung Bu Ijah,unas,-6.28071,106.83826,"炒饭 Nasi Goreng, Nasi Padang",target,,,,,,
w436,Warung Bu Endang,unas,-6.27776,106.84075,粥品,contacted,,,,,,
w437,Warkop Pak Supri,unas,-6.28204,106.84195,烤串 Sate,target,,,,,,
w438,Gerobak Kopi Mbak Nia,unas,-6.28308,106.84304,"Warteg 家常菜, 果汁 Jus, 冰茶",target,,,,,,
w439,Gerobak Kopi Pak Joko 2,yarsi,-6.17242,106.86943,"烤串 Sate, Nasi Padang, 粥品",target,,,,,,
w440,Warteg Bang Rizal II,yarsi,-6.16502,106.87094,"粥品, 炸物 Gorengan",target,,,,,,
w441,Angkringan Bu Ijah,yarsi,-6.16952,106.86874,炸物 Gorengan,target,,,,,,
w442,Kios Bu Hj. Ida,yarsi,-6.1721,106.87121,Indomie 煮面,target,,,,,,
w443,Kantin Bu Kartini,yarsi,-6.1712,106.87168,Nasi Padang,target,,,,,,
w444,Angkringan Melati,yarsi,-6.16948,106.86672,"椰浆饭 Nasi Uduk, 冰茶",target,,,,,,
w445,Kantin Bu Hj. Ida,yarsi,-6.16961,106.8712,"Warteg 家常菜, 烤串 Sate",target,,,,,,
w446,Kios Pak Cecep,yarsi,-6.16949,106.87147,"冰茶, 零食",target,,,,,,
w447,Depot Pak Herman,yarsi,-6.17416,106.87055,冰茶,target,,,,,,
w448,Angkringan Bu Sari 2,yarsi,-6.16945,106.87275,"Indomie 煮面, 炒饭 Nasi Goreng",target,,,,,,
w449,Warteg Cempaka,yarsi,-6.16873,106.87415,"零食, 烤串 Sate, 椰浆饭 Nasi Uduk",target,,,,,,
w450,Warung Nasi Makmur,yarsi,-6.17392,106.8665,"冰茶, 炒饭 Nasi Goreng, 粥品",target,,,,,,
w451,Warung Bu Yuni,yarsi,-6.16543,106.86809,"冰茶, 烤串 Sate",target,,,,,,
w452,Kantin Kenanga,ubk,-6.19595,106.84554,"咖啡, 椰浆饭 Nasi Uduk, 炸物 Gorengan",target,,,,,,
w453,Gerobak Kopi Teratai,ubk,-6.19485,106.84551,"炒饭 Nasi Goreng, 烤串 Sate, Nasi Padang",target,,,,,,
w454,Gerobak Kopi Bu Endang,ubk,-6.19867,106.84222,椰浆饭 Nasi Uduk,target,,,,,,
w455,Kedai Makmur,ubk,-6.20015,106.84631,"Warteg 家常菜, 烤串 Sate",target,,,,,,
w456,Angkringan Pak Cecep,ubk,-6.19874,106.84338,"粥品, 咖啡",target,,,,,,
w457,Kedai Bu Yati,ubk,-6.19772,106.84303,烤串 Sate,target,,,,,,
w458,Warung Kopi Bu Kokom,ubk,-6.19748,106.84433,果汁 Jus,target,,,,,,
w459,Warteg Bu Mpok Ati,ubk,-6.19536,106.84497,炒饭 Nasi Goreng,target,,,,,,
w460,Kantin Bu Euis,ubk,-6.19796,106.84334,"Indomie 煮面, 冰茶",target,,,,,,
w461,Gerobak Kopi Pak Haji Nawi Cabang,ubk,-6.1947,106.84551,"咖啡, 零食",target,,,,,,
w462,Kantin Bu Rukiyah,ubk,-6.20298,106.8436,"Nasi Padang, 炒饭 Nasi Goreng",target,,,,,,
w463,Warteg Bu Hj. Ida,unindra,-6.29833,106.84952,"零食, 烤串 Sate",target,,,,,,
w464,Warung Kopi Pak Haji,unindra,-6.30279,106.84854,"炸物 Gorengan, Warteg 家常菜",target,,,,,,
w465,Gerobak Kopi Mbak Wati,unindra,-6.30523,106.85031,"零食, 果汁 Jus",target,,,,,,
w466,Kantin Pak Engkos,unindra,-6.30089,106.85262,"粥品, 零食",contacted,,,,,,
w467,Warteg Melati,unindra,-6.30759,106.84856,"椰浆饭 Nasi Uduk, 炒饭 Nasi Goreng",target,,,,,,
w468,Warkop Flamboyan,unindra,-6.30267,106.85378,"果汁 Jus, 椰浆饭 Nasi Uduk",target,,,,,,
w469,Kios Mbak Lastri,unindra,-6.30602,106.8512,"Indomie 煮面, 烤串 Sate",target,,,,,,
w470,Toko Kelontong Mbak Sinta,unindra,-6.30372,106.84756,"冰茶, 炒饭 Nasi Goreng",target,,,,,,
w471,Kantin Sentosa,unindra,-6.30327,106.847,粥品,contacted,,,,,,
w472,Kedai Kenanga,unindra,-6.30342,106.84817,"果汁 Jus, 粥品, 炸物 Gorengan",target,,,,,,
w473,Warung Nasi Mbak Ayu,unindra,-6.29956,106.84875,Nasi Padang,target,,,,,,
w474,Warkop Bang Ojak 2,unindra,-6.30183,106.85393,烤串 Sate,target,,,,,,
w475,Angkringan Bang Dedi,unindra,-6.29943,106.84861,"Nasi Padang, 零食",target,,,,,,
w476,Toko Kelontong Pak Cecep,unindra,-6.30603,106.85402,零食,target,,,,,,
w477,Warteg Pak Agus,ut,-6.33935,106.75633,"烤串 Sate, 炸物 Gorengan, Nasi Padang",target,,,,,,
w478,Warung Nasi Cempaka,ut,-6.33857,106.76074,咖啡,target,,,,,,
w479,Gerobak Kopi Melati,ut,-6.34596,106.75893,"果汁 Jus, 冰茶",target,,,,,,
w480,Warung Kopi Pak Haji Nawi,ut,-6.33861,106.7586,"咖啡, Indomie 煮面",target,,,,,,
w481,Kios Pak Dul,ut,-6.3432,106.76044,"咖啡, Nasi Padang, 烤串 Sate",target,,,,,,
w482,Warung Pak Joko,ut,-6.33896,106.76299,Warteg 家常菜,target,,,,,,
w483,Warung Bu Endang II,ut,-6.34166,106.76222,炸物 Gorengan,target,,,,,,
w484,Warung Pak Rojak,ut,-6.34312,106.76151,炸物 Gorengan,target,,,,,,
w485,Kios Maju Bersama,ut,-6.34076,106.75795,炸物 Gorengan,target,,,,,,
w486,Toko Kelontong Bang Rizal Cabang,ut,-6.34451,106.75853,"咖啡, 炒饭 Nasi Goreng",target,,,,,,
w487,Kantin Mbak Nia,ut,-6.33844,106.75823,"椰浆饭 Nasi Uduk, 炒饭 Nasi Goreng, 咖啡",contacted,,,,,,
w488,Warkop Bu Mpok Ati,ut,-6.34282,106.75746,Indomie 煮面,target,,,,,,
w489,Gerobak Kopi Bang Doel,bakrie,-6.22452,106.83705,"零食, 椰浆饭 Nasi Uduk",target,,,,,,
w490,Depot Pak Dul,bakrie,-6.21948,106.83505,"零食, 粥品",target,,,,,,
w491,Warung Nasi Bu Oneng,bakrie,-6.21953,106.83,"烤串 Sate, 椰浆饭 Nasi Uduk, 炸物 Gorengan",target,,,,,,
w492,Warung Nasi Bu Kartini,bakrie,-6.22099,106.83333,炒饭 Nasi Goreng,target,,,,,,
w493,Depot Bu Dewi,bakrie,-6.225,106.8298,"炸物 Gorengan, Warteg 家常菜, 椰浆饭 Nasi Uduk",target,,,,,,
w494,Angkringan Kenanga,bakrie,-6.22501,106.82945,"Warteg 家常菜, 椰浆饭 Nasi Uduk",target,,,,,,
w495,Warung Kopi Kenanga,bakrie,-6.22239,106.82952,"冰茶, Warteg 家常菜",target,,,,,,
w496,Warteg Pak Slamet Cabang,bakrie,-6.21729,106.83392,零食,target,,,,,,
w497,Kios Cahaya,bakrie,-6.21824,106.8292,"烤串 Sate, 炸物 Gorengan",target,,,,,,
w498,Warung Nasi Bang Dedi,bakrie,-6.22289,106.83207,"果汁 Jus, Nasi Padang, Indomie 煮面",target,,,,,,
w499,Warkop Bang Jago,bakrie,-6.2178,106.83203,"椰浆饭 Nasi Uduk, 咖啡",target,,,,,,
w500,Warung Nasi Pak Engkos,unpam,-6.34852,106.73814,"Indomie 煮面, 冰茶, 零食",target,,,,,,
w501,Kantin Bu Sari II,unpam,-6.34735,106.73533,"果汁 Jus, 冰茶, 咖啡",contacted,,,,,,
w502,Warteg Bang Jago,unpam,-6.34229,106.742,"炒饭 Nasi Goreng, 炸物 Gorengan, 椰浆饭 Nasi Uduk",target,,,,,,
w503,Angkringan Mbak Nia,unpam,-6.34752,106.73942,椰浆饭 Nasi Uduk,target,,,,,,
w504,Toko Kelontong Jaya,unpam,-6.34767,106.73261,零食,target,,,,,,
w505,Warkop Bu Siti II,unpam,-6.34666,106.73535,Indomie 煮面,target,,,,,,
w506,Kedai Mbak Ayu II,unpam,-6.34454,106.73691,Nasi Padang,target,,,,,,
w507,Warkop Bu Wulan Cabang,unpam,-6.34611,106.74097,Nasi Padang,target,,,,,,
w508,Warkop Bang Dedi,unpam,-6.34475,106.73227,"咖啡, Nasi Padang, 果汁 Jus",target,,,,,,
w509,Kantin Barokah,unpam,-6.34358,106.73667,烤串 Sate,target,,,,,,
w510,Warteg Bu Tini,sgu,-6.22871,106.65395,"烤串 Sate, 椰浆饭 Nasi Uduk, 粥品",target,,,,,,
w511,Angkringan Bu Tini,sgu,-6.22492,106.65356,粥品,target,,,,,,
w512,Gerobak Kopi Mbak Sri,sgu,-6.22804,106.65891,"粥品, 炒饭 Nasi Goreng",target,,,,,,
w513,Gerobak Kopi Harapan,sgu,-6.22358,106.65366,"果汁 Jus, Warteg 家常菜",target,,,,,,
w514,Kios Flamboyan,sgu,-6.22428,106.65586,"Warteg 家常菜, Nasi Padang, 烤串 Sate",target,,,,,,
w515,Warung Kopi Mbak Nia,sgu,-6.22983,106.65228,"炒饭 Nasi Goreng, 零食",target,,,,,,
w516,Gerobak Kopi Bu Dewi,sgu,-6.22205,106.65604,"炸物 Gorengan, 冰茶",target,,,,,,
w517,Gerobak Kopi Pak Supri,sgu,-6.22901,106.65025,"Nasi Padang, 果汁 Jus, 炒饭 Nasi Goreng",target,,,,,,
w518,Kantin Pak Cecep,sgu,-6.22478,106.65359,果汁 Jus,target,,,,,,
w519,Kedai Bang Ilham,sgu,-6.22504,106.65292,"烤串 Sate, 零食, 炸物 Gorengan",target,,,,,,
w520,Toko Kelontong Bu Lasmi II,sgu,-6.22355,106.65652,"零食, 炒饭 Nasi Goreng",target,,,,,,
w521,Gerobak Kopi Bu Euis,sgu,-6.22962,106.654,炒饭 Nasi Goreng,contacted,,,,,,
w522,Kedai Bu Kokom,sgu,-6.22634,106.65583,"咖啡, 炒饭 Nasi Goreng",target,,,,,,
w523,Warung Nasi Pak Eko,sgu,-6.22631,106.65169,"果汁 Jus, 冰茶",target,,,,,,
